{
  "initialLatitude": 16.833734,
  "initialLongitude": 96.167805
}